Specialty,SubSpecialty
Cardiology,Cardiology
Cardiology,Cardiovascular Disease
Cardiology,Cardiac Diagnostic
Cardiology,Interventional Cardiology
Cardiology,Clinical Cardiac Electrophysiology
Family Medicine,Preventive Medicine
Family Medicine,Family Practice
Family Medicine,General Practice
Neurosurgery & Orthopedics & Spine,Orthopedic Surgery
Neurosurgery & Orthopedics & Spine,Neurology Surgery
Neurosurgery & Orthopedics & Spine,Shoulder Surgery
Neurosurgery & Orthopedics & Spine,Knee Surgery
Neurosurgery & Orthopedics & Spine,Back & Spine Surgery
Neurosurgery & Orthopedics & Spine,Sports Medicine
Neurosurgery & Orthopedics & Spine,Hand Surgery
Obstetrics & Gynecology,Gynecology
Obstetrics & Gynecology,Obstetrics
Obstetrics & Gynecology,Obstetrics & Gynecology
